Loại BĐS,Mô hình,R2,MAE,RMSE,MAPE,MSE
Chung cư,Transformer HN,0.5944686532020569,1.8690574169158936,2.947782982984078,0.21404136717319489,8.689424514770508
Chung cư,XGBoost HN,0.6142959594726562,1.8072108030319214,2.8748180497685243,0.20874391496181488,8.264578819274902
Chung cư,Transformer Full,0.6719271540641785,1.765027642250061,2.651358285119723,0.19583013653755188,7.029700756072998
Nhà đất,Transformer HN,0.673979640007019,5.105399131774902,9.00133504502379,0.29613322019577026,81.02403259277344
Nhà đất,XGBoost HN,0.7347482442855835,4.736904144287109,8.119208516600319,0.3016023635864258,65.92154693603516
Nhà đất,Transformer Full,0.7446452379226685,4.998381614685059,7.966297924281278,0.3081475794315338,63.4619026184082
